original,es,emoji,uk,ru,de,it,fr,pt,zh-cn,th,ja,ko,ar,hi,bn,id,ur,vi,tr,fa,rw,ta,
Loudness,Volumen,ЁЯФКтЖХ,╨У╤Г╤З╨╜╤Ц╤Б╤В╤М,╨У╤А╨╛╨╝╨║╨╛╤Б╤В╤М,Lautst├дrke,Volume,Sonie,Volume,хУНх║ж,р╕Др╕зр╕▓р╕бр╕Фр╕▒р╕З,уГйуВжуГЙуГНуВ╣,ьЭМыЯЙ,┘Г╪л╪з┘Б╪й ╪з┘Д╪╡┘И╪к,рдЙрдЪреНрдЪрддрд╛,рж╢ржмрзНржж,Volume,╪и┘Д┘Ж╪п█М ╪╡╪п╪з,├Вm l╞░с╗гng,Loudness,╪и┘Д┘Ж╪п█М,rw: Loudness,роХрпБро░ро▓рпНро╡ро┤роХрпНроХроорпН,
Settings,Configuraci├│n,тЪЩя╕П,╨Э╨░╨╗╨░╤И╤В╤Г╨▓╨░╨╜╨╜╤П,╨Э╨░╤Б╤В╤А╨╛╨╣╨║╨╕,Einstellungen,Impostazioni,Param├иtres,Configura├з├╡es,шо╛ч╜о,р╕Бр╕▓р╕гр╕Хр╕▒р╣Йр╕Зр╕Др╣Ир╕▓,шинхоЪ,ьДдьаХ,╪е╪╣╪п╪з╪п╪з╪к,рд╕реЗрдЯрд┐рдВрдЧреНрд╕,рж╕рзЗржЯрж┐ржВрж╕,Pengaturan,╪к╪▒╪к┘К╪и╪з╪к,C├аi ─Сс║╖t,Einstellungen,╪к┘Ж╪╕█М┘Е╪з╪к,Ibipimo,роЕроорпИрокрпНрокрпБроХро│рпН,
Language,Idioma,ЁЯЧгя╕ПЁЯФд,╨Ь╨╛╨▓╨░,╨п╨╖╤Л╨║,Sprache,Lingua,Langue,Idioma,шпншиА,р╕ар╕▓р╕йр╕▓,шиАшкЮ,ьЦ╕ьЦ┤,╪з┘Д┘Д╪║╪й,рднрд╛рд╖рд╛,ржнрж╛рж╖рж╛,Bahasa,╪▓╪и╪з┘Ж,Ng├┤n ngс╗п,Sprache,╪▓╪и╪з┘Ж,Ururimi,роорпКро┤ро┐,
Main Menu,Men├║ principal,ЁЯССЁЯУЛ,╨У╨╛╨╗╨╛╨▓╨╜╨╡ ╨╝╨╡╨╜╤О,╨У╨╗╨░╨▓╨╜╨╛╨╡ ╨╝╨╡╨╜╤О,Hauptmen├╝,Menu principale,Menu principal,Menu principal,ф╕╗шПЬхНХ,р╣Ар╕бр╕Щр╕╣р╕лр╕ер╕▒р╕Б,уГбуВдуГ│уГбуГЛуГеуГ╝,ыйФьЭ╕ ыйФыЙ┤,╪з┘Д┘В╪з╪ж┘Е╪й ╪з┘Д╪▒╪ж┘К╪│┘К╪й,рдореБрдЦреНрдп рдореЗрдиреВ,ржорзБржЦрзНржп ржорзЗржирзБ,Menu Utama,╪з┘Д┘В╪з╪ж┘Е╪й ╪з┘Д╪▒╪ж┘К╪│┘К╪й,Menu ch├нnh,Hauptmen├╝,┘Е┘Ж┘И█М ╪з╪╡┘Д█М,Urutonde,роорпБроХрпНроХро┐роп роорпЖройрпБ,
Dashboard,Tablero,ЁЯССЁЯУК,╨Я╨░╨╜╨╡╨╗╤М,╨Я╨░╨╜╨╡╨╗╤М ╨┐╤А╨╕╨▒╨╛╤А╨╛╨▓,Armaturenbrett,Dashboard,Tableau de bord,Painel de controle,ф╗кшбичЫШ,р╣Бр╕Фр╕Кр╕Ър╕нр╕гр╣Мр╕Ф,уГАуГГуВ╖уГеуГЬуГ╝уГЙ,ыМАьЛЬы│┤ыУЬ,┘Д┘И╪н╪й ╪з┘Д┘В┘К╪з╪п╪й,рдбреИрд╢рдмреЛрд░реНрдб,ржбрзНржпрж╛рж╢ржмрзЛрж░рзНржб,Dasbor,╪п╪з╪┤╪и┘И╪▒╪п,Bс║гng ─Сiс╗Бu khiс╗Гn,Instrumententafel,╪п╪з╪┤╪и┘И╪▒╪п,Akayamakuru,роЯро╛ро╖рпНрокрпЛро░рпНроЯрпБ,
Voice Change Guidelines,Gu├нa de cambio de voz,ЁЯзСЁЯФКЁЯФАЁЯУД,╨Ъ╨╡╤А╤Ц╨▓╨╜╨╕╤Ж╤В╨▓╨╛ ╨╖╤Ц ╨╖╨╝╤Ц╨╜╨╕ ╨│╨╛╨╗╨╛╤Б╤Г,╨а╤Г╨║╨╛╨▓╨╛╨┤╤Б╤В╨▓╨╛ ╨┐╨╛ ╨╕╨╖╨╝╨╡╨╜╨╡╨╜╨╕╤О ╨│╨╛╨╗╨╛╤Б╨░,Stimmwechselempfehlungen,Linee guida per cambio voce,Guide de changement de voix,Diretrizes de mudan├зa de voz,шпнщЯ│цЫ┤цФ╣цМЗхНЧ,р╣Бр╕Щр╕зр╕Чр╕▓р╕Зр╕Бр╕▓р╕гр╣Ар╕Ыр╕ер╕╡р╣Ир╕вр╕Щр╣Ар╕кр╕╡р╕вр╕З,щЯ│хг░хдЙцЫ┤уВмуВдуГЙ,ьЭМьД▒ ы│Аъ▓╜ ьзАь╣и,╪е╪▒╪┤╪з╪п╪з╪к ╪к╪║┘К┘К╪▒ ╪з┘Д╪╡┘И╪к,рд╡реЙрдЗрд╕ рдкрд░рд┐рд╡рд░реНрддрди рджрд┐рд╢рд╛рдирд┐рд░реНрджреЗрд╢,ржнржпрж╝рзЗрж╕ ржкрж░рж┐ржмрж░рзНрждржи ржирж┐рж░рзНржжрзЗрж╢рж┐ржХрж╛,Panduan perubahan suara,╪▒╪з┘З┘Ж┘Е╪з█М ╪к╪║█М█М╪▒ ╪╡╪п╪з,H╞░с╗Ыng dс║лn thay ─Сс╗Хi giс╗Нng n├│i,Stimmwechselrichtlinien,╪▒╪з┘З┘Ж┘Е╪з█М ╪к╪║█М█М╪▒ ╪╡╪п╪з,Inama zo guhindura ijwi,роХрпБро░ро▓рпН рооро╛ро▒рпНро▒ ро╡ро┤ро┐роорпБро▒рпИроХро│рпН,
All Info,Toda la informaci├│n,ЁЯМРтД╣я╕П,╨г╤Б╤П ╤Ц╨╜╤Д╨╛╤А╨╝╨░╤Ж╤Ц╤П,╨Т╤Б╤П ╨╕╨╜╤Д╨╛╤А╨╝╨░╤Ж╨╕╤П,Alle Infos,Tutte le info,Toutes les infos,Todas as informa├з├╡es,цЙАцЬЙф┐бцБп,р╕Вр╣Йр╕нр╕бр╕╣р╕ер╕Чр╕▒р╣Йр╕Зр╕лр╕бр╕Ф,уБЩуБ╣уБжуБоцГЕха▒,ыкиыУа ьаХы│┤,╪м┘Е┘К╪╣ ╪з┘Д┘Е╪╣┘Д┘И┘Е╪з╪к,рд╕рд╛рд░реА рдЬрд╛рдирдХрд╛рд░реА,рж╕ржорж╕рзНржд рждржерзНржп,Semua Info,╪к┘Е╪з┘Е ╪з╪╖┘Д╪з╪╣╪з╪к,Tс║еt cс║г th├┤ng tin,Alle Infos,╪к┘Е╪з┘Е ╪з╪╖┘Д╪з╪╣╪з╪к,Amakuru yose,роЕройрпИродрпНродрпБ родроХро╡ро▓рпНроХро│рпБроорпН,
Spectrum,Espectro,ЁЯП│я╕ПтАНЁЯМИЁЯУК,╨б╨┐╨╡╨║╤В╤А,╨б╨┐╨╡╨║╤В╤А,Spektrum,Spettro,Spectre,Espectro,щвСш░▒,р╕кр╣Ар╕Ыр╕Бр╕Хр╕гр╕▒р╕б,уВ╣уГЪуВпуГИуГл,ьКдэОЩэК╕ыЯ╝,╪╖┘К┘Б,рд╕реНрдкреЗрдХреНрдЯреНрд░рдо,рж╕рзНржкрзЗржХржЯрзНрж░рж╛ржо,Spektrum,╪╖█М┘Б,Phс╗Х,Spektrum,╪╖█М┘Б,Uburyo bw'amajwi,роирпАроХрпНроХроЪрпНроЪрпАроЯрпНроЯрпБ,
Reading,Lectura,ЁЯУЦ,╨з╨╕╤В╨░╨╜╨╜╤П,╨з╤В╨╡╨╜╨╕╨╡,Lesen,Lettura,Lecture,Leitura,щШЕшп╗,р╕Бр╕▓р╕гр╕нр╣Ир╕▓р╕Щ,шкнцЫ╕,ьЭ╜ъ╕░,┘В╪▒╪з╪б╪й,рдкрдарди,ржкржбрж╝рж╛,Membaca,╪о┘И╪з┘Ж╪п┘Ж,─Рс╗Нc,Lesen,╪о┘И╪з┘Ж╪п┘Ж,Gusoma,ро╡ро╛роЪро┐рокрпНрокрпБ,
Recordings,Grabaciones,ЁЯУ╝ЁЯОз,╨Ч╨░╨┐╨╕╤Б╨╕,╨Ч╨░╨┐╨╕╤Б╨╕,Aufnahmen,Registrazioni,Enregistrements,Grava├з├╡es,х╜ХщЯ│,р╕Бр╕▓р╕гр╕Ър╕▒р╕Щр╕Чр╕╢р╕Б,щМ▓щЯ│,ыЕ╣ьЭМ,╪к╪│╪м┘К┘Д╪з╪к,рд░рд┐рдХреЙрд░реНрдбрд┐рдВрдЧреНрд╕,рж░рзЗржХрж░рзНржб,Rekaman,╪╢╪и╪╖тАМ┘З╪з,Ghi ├вm,Aufnahmen,╪╢╪и╪╖тАМ┘З╪з,Udukoryozo,рокродро┐ро╡рпБроХро│рпН,
Speaker Voice,Voz del altavoz,ЁЯзСЁЯУгЁЯСеЁЯФИ,╨У╨╛╨╗╨╛╤Б ╨┤╨╕╨╜╨░╨╝╤Ц╨║╨░,╨У╨╛╨╗╨╛╤Б ╨┤╨╕╨╜╨░╨╝╨╕╨║╨░,Lautsprecherstimme,Voce altoparlante,Voix du haut-parleur,Voz do alto-falante,цЙмхг░хЩихг░щЯ│,р╣Ар╕кр╕╡р╕вр╕Зр╕ер╕│р╣Вр╕Юр╕З,уВ╣уГФуГ╝уВлуГ╝уБощЯ│хг░,ьКдэФ╝ь╗д ьЭМьД▒,╪╡┘И╪к ╪з┘Д┘Е╪к╪н╪п╪л,рд╕реНрдкреАрдХрд░ рдХреА рдЖрд╡рд╛рдЬ,рж╕рзНржкрж┐ржХрж╛рж░ ржнржпрж╝рзЗрж╕,Suara speaker,╪╡╪п╪з█М ╪и┘Д┘Ж╪п┌п┘И,Giс╗Нng loa,Lautsprecherstimme,╪╡╪п╪з█М ╪и┘Д┘Ж╪п┌п┘И,Ijwi ry'ikibumbye,рокрпЗроЪроХро░рпН роХрпБро░ро▓рпН,
Singing,Cantando,ЁЯзСЁЯО╢,╨б╨┐╤Ц╨▓,╨Я╨╡╨╜╨╕╨╡,Gesang,Canto,Chant,Cantando,хФ▒цнМ,р╕Бр╕▓р╕гр╕гр╣Йр╕нр╕Зр╣Ар╕Юр╕ер╕З,цнМхФ▒,ыЕ╕ыЮШ,╪з┘Д╪║┘Ж╪з╪б,рдЧрд╛рдпрди,ржЧрж╛ржи,Menembang,Vocal,,Ca h├бt,Gesang,╪в┘И╪з╪▓╪о┘И╪з┘Ж█М,Kuvuga indirimbo,рокро╛роЯро▓рпН
Pitch And Resonance,Pitch y Resonancia,ЁЯО╡тЖХ+ЁЯФКЁЯУ│,╨в╨╛╨╜ ╤Ц ╤А╨╡╨╖╨╛╨╜╨░╨╜╤Б,╨в╨╛╨╜ ╨╕ ╤А╨╡╨╖╨╛╨╜╨░╨╜╤Б,Ton und Resonanz,Tensione e risonanza,Hauteur et r├йsonance,Tom e Resson├вncia,щЯ│щлШхТМш░РцМп,р╕Др╕зр╕▓р╕бр╕кр╕╣р╕Зр╣Бр╕ер╕░р╣Ар╕гр╣Вр╕Лр╣Бр╕Щр╕Щр╕Лр╣М,уГФуГГуГБуБихЕ▒щ│┤,эФ╝ь╣Ш ы░П ъ│╡ыкЕ,┘Ж╪║┘Е╪й ┘И╪▒┘Ж┘К┘Ж,рдкрд┐рдЪ рдФрд░ рдЕрдиреБрдирд╛рдж,ржкрж┐ржЪ ржПржмржВ рж░рзЗржЬрзЛржирзНржпрж╛ржирзНрж╕,Pitch dan Resonansi,╪▓┘Ж┌п ┘И ╪▒╪▓┘И┘Ж╪з┘Ж╪│,Tс║зn sс╗С v├а cс╗Щng h╞░с╗Яng,Ton und Resonanz,╪▓┘Ж┌п ┘И ╪▒╪▓┘И┘Ж╪з┘Ж╪│,Impamvu n'urusaku,роЪро╡ро░рпНроХрпНроХроорпН рооро▒рпНро▒рпБроорпН роЕродро┐ро░рпНро╡рпЖрогрпН,
Voice Smoothness,Suavidad de voz,ЁЯзСЁЯФКЁЯзИ,╨У╨╗╨░╨┤╨║╤Ц╤Б╤В╤М ╨│╨╛╨╗╨╛╤Б╤Г,╨У╨╗╨░╨┤╨║╨╛╤Б╤В╤М ╨│╨╛╨╗╨╛╤Б╨░,Gespr├дchigkeit,Fluidit├а vocale,Douceur de la voix,Suavidade da voz,шпнщЯ│х╣│ц╗Сх║ж,р╕Др╕зр╕▓р╕бр╣Ар╕гр╕╡р╕вр╕Ър╣Ар╕Щр╕╡р╕вр╕Щр╕Вр╕нр╕Зр╣Ар╕кр╕╡р╕вр╕З,щЯ│хг░уБоц╗СуВЙуБЛуБХ,ьЭМьД▒ ыздыБДыЯмьЫА,┘Ж╪╣┘И┘Е╪й ╪з┘Д╪╡┘И╪к,рд╡реЙрдЗрд╕ рд╕реНрдореВрджрдиреЗрд╕,ржнрзЯрзЗрж╕ рж╕рзНржорзБржержирзЗрж╕,Kekhalusan Suara,┘Ж╪▒┘Е█М ╪╡╪п╪з,Sс╗▒ m╞░с╗гt m├а giс╗Нng n├│i,Stimmgl├дtte,┘Ж╪▒┘Е█М ╪╡╪п╪з,Ubworoherane bw'ijwi,роХрпБро░ро▓рпН роорпЖройрпНроорпИ,
Female Voice,Voz femenina,тЩАя╕ПЁЯзСЁЯФК,╨Ц╤Ц╨╜╨╛╤З╨╕╨╣ ╨│╨╛╨╗╨╛╤Б,╨Ц╨╡╨╜╤Б╨║╨╕╨╣ ╨│╨╛╨╗╨╛╤Б,Frauenstimme,Voce femminile,Voix f├йminine,Voz feminina,хе│цАзхг░щЯ│,р╣Ар╕кр╕╡р╕вр╕Зр╕Ьр╕╣р╣Йр╕лр╕Нр╕┤р╕З,хе│цАзуБохг░,ьЧмьД▒ ьЭМьД▒,╪╡┘И╪к ╪г┘Ж╪л┘И┘К,рдорд╣рд┐рд▓рд╛ рдЖрд╡рд╛рдЬ,ржорж╣рж┐рж▓рж╛ ржнржпрж╝рзЗрж╕,Suara Wanita,╪╡╪п╪з█М ╪▓┘Ж,Giс╗Нng nс╗п,Frauenstimme,╪╡╪п╪з█М ╪▓┘Ж,Ijwi ry'umugore,рокрпЖрогрпН роХрпБро░ро▓рпН,
Female Voice Resonance,Resonancia de voz femenina,тЩАя╕ПЁЯзСЁЯФКЁЯУ│,╨а╨╡╨╖╨╛╨╜╨░╨╜╤Б ╨╢╤Ц╨╜╨╛╤З╨╛╨│╨╛ ╨│╨╛╨╗╨╛╤Б╤Г,╨а╨╡╨╖╨╛╨╜╨░╨╜╤Б ╨╢╨╡╨╜╤Б╨║╨╛╨│╨╛ ╨│╨╛╨╗╨╛╤Б╨░,Frauenstimmenresonanz,Risonanza voce femminile,R├йsonance de la voix f├йminine,Resson├вncia da voz feminina,хе│цАзхг░щЯ│хЕ▒щ╕г,р╣Ар╕гр╣Вр╕Лр╣Бр╕Щр╕Щр╕Лр╣Мр╣Ар╕кр╕╡р╕вр╕Зр╕Ьр╕╣р╣Йр╕лр╕Нр╕┤р╕З,хе│цАзуБохг░уБохЕ▒щ│┤,ьЧмьД▒ ьЭМьД▒ ъ│╡ыкЕ,Resonancia ╪╡┘И╪к ╪г┘Ж╪л┘И┘Й,рдорд╣рд┐рд▓рд╛ рд╡реЙрдЗрд╕ рдЕрдиреБрдирд╛рдж,ржорж╣рж┐рж▓рж╛ ржнржпрж╝рзЗрж╕ рж░рзЗржЬрзЛржирзНржпрж╛ржирзНрж╕,Resonansi Suara Wanita,╪▒╪▓┘И┘Ж╪з┘Ж╪│ ╪╡╪п╪з█М ╪▓┘Ж,Cс╗Щng h╞░с╗Яng giс╗Нng nс╗п,Frauenstimmenresonanz,╪▒╪▓┘И┘Ж╪з┘Ж╪│ ╪╡╪п╪з█М ╪▓┘Ж,Resonansi ijwi ry'umugore,рокрпЖрогрпН роХрпБро░ро▓рпН роТро▓ро┐рокрпЖро░рпБроХрпНроХроорпН,
Male Voice,Voz masculina,тЩВя╕ПЁЯзСЁЯФК,╨з╨╛╨╗╨╛╨▓╤Ц╤З╨╕╨╣ ╨│╨╛╨╗╨╛╤Б,╨Ь╤Г╨╢╤Б╨║╨╛╨╣ ╨│╨╛╨╗╨╛╤Б,M├дnnerstimme,Voce maschile,Voix masculine,Voz masculina,чФ╖цАзхг░щЯ│,р╣Ар╕кр╕╡р╕вр╕Зр╕Ьр╕╣р╣Йр╕Кр╕▓р╕в,чФ╖цАзуБохг░,ыВиьД▒ ьЭМьД▒,╪╡┘И╪к ╪░┘Г┘И╪▒┘К,рдкреБрд░реБрд╖ рдЖрд╡рд╛рдЬ,ржкрзБрж░рзБрж╖ ржнржпрж╝рзЗрж╕,Suara Pria,╪╡╪п╪з█М ┘Е╪▒╪п,Giс╗Нng nam,M├дnnerstimme,╪╡╪п╪з█М ┘Е╪▒╪п,Ijwi ry'abagabo,роЖрогрпН роХрпБро░ро▓рпН,
Male Voice Resonance,Resonancia de voz masculina,тЩВя╕Пя╕ПЁЯзСЁЯФКЁЯУ│,╨а╨╡╨╖╨╛╨╜╨░╨╜╤Б ╤З╨╛╨╗╨╛╨▓╤Ц╤З╨╛╨│╨╛ ╨│╨╛╨╗╨╛╤Б╤Г,╨а╨╡╨╖╨╛╨╜╨░╨╜╤Б ╨╝╤Г╨╢╤Б╨║╨╛╨│╨╛ ╨│╨╛╨╗╨╛╤Б╨░,M├дnnerstimmenresonanz,Risonanza voce maschile,R├йsonance de la voix masculine,Resson├вncia da voz masculina,чФ╖цАзхг░щЯ│хЕ▒щ╕г,р╣Ар╕гр╣Вр╕Лр╣Бр╕Щр╕Щр╕Лр╣Мр╣Ар╕кр╕╡р╕вр╕Зр╕Ьр╕╣р╣Йр╕Кр╕▓р╕в,чФ╖цАзуБохг░уБохЕ▒щ│┤,ыВиьД▒ ьЭМьД▒ ъ│╡ыкЕ,Resonancia ╪╡┘И╪к ╪░┘Г┘И╪▒┘К,рдкреБрд░реБрд╖ рд╡реЙрдЗрд╕ рдЕрдиреБрдирд╛рдж,ржкрзБрж░рзБрж╖ ржнржпрж╝рзЗрж╕ рж░рзЗржЬрзЛржирзНржпрж╛ржирзНрж╕,Resonansi Suara Pria,╪▒╪▓┘И┘Ж╪з┘Ж╪│ ╪╡╪п╪з█М ┘Е╪▒╪п,Cс╗Щng h╞░с╗Яng giс╗Нng nam,M├дnnerstimmenresonanz,╪▒╪▓┘И┘Ж╪з┘Ж╪│ ╪╡╪п╪з█М ┘Е╪▒╪п,Resonansi ijwi ry'abagabo,роЖрогрпН роХрпБро░ро▓рпН роТро▓ро┐рокрпЖро░рпБроХрпНроХроорпН,
Pitch,Tono,ЁЯО╡тЖХ,╨в╨╛╨╜,╨в╨╛╨╜,Ton,Intonazione,Ton,Tom,TщЯ│ш░Г,р╣Вр╕Чр╕Щ,уГФуГГуГБ,эФ╝ь╣Ш,┘Ж╪║┘Е╪й,рдкрд┐рдЪ,ржкрж┐ржЪ,Nada,┘Ж╪к,─Рс╗Щ cao,Pitch,╪▓┘Ж┌п,Impande,роЪро╡ро░рпНроХрпНроХроорпН,
First Formant,Primer formante,ЁЯФКЁЯУ│1,╨д╨╛╤А╨╝╨░╨╜╤В╨░ 1,╨Я╨╡╤А╨▓╤Л╨╣ ╤Д╨╛╤А╨╝╨░╨╜╤В,Erstes Formant,Primo formante,Premier formant,Primeiro formante,чммф╕АхЕ▒цМпх│░,р╕гр╕╣р╕Ыр╣Бр╕Ър╕Ър╣Бр╕гр╕Б,чммф╕АуГХуВйуГ╝уГЮуГ│уГИ,ь▓л ы▓Иьз╕ эПмыи╝эК╕,╪з┘Д╪╡┘И╪к ╪з┘Д╪г┘И┘Д,рдкрд╣рд▓рд╛ рдлреЙрд░реНрдореЗрдВрдЯ,ржкрзНрж░ржержо ржлрж░ржорзНржпрж╛ржирзНржЯ,Formant pertama,┘Б╪▒┘Е╪з┘Ж╪к ╪з┘И┘Д,V├╣ng chung ─Сс║зu,Formant ya mbere,роорпБродро▓рпН ро╡роЯро┐ро╡роорпН,,,
Second Formant,Segundo formante,ЁЯФКЁЯУ│2,╨Ф╤А╤Г╨│╨╕╨╣ ╤Д╨╛╤А╨╝╨░╨╜╤В,╨Т╤В╨╛╤А╨╛╨╣ ╤Д╨╛╤А╨╝╨░╨╜╤В,Zweiter Formant,Secondo formante,Deuxi├иme formant,Segundo formante,чммф║МхЕ▒цМпх│░,р╣Вр╕Яр╕гр╣Мр╣Бр╕бр╕Щр╕Хр╣Мр╕Чр╕╡р╣Ир╕кр╕нр╕З,чммф║МуГХуВйуГ╝уГЮуГ│уГИ,ыСР ы▓Иьз╕ эПмыи╝эК╕,╪з┘Д┘Б╪з╪▒┘Е╪з┘Ж╪к ╪з┘Д╪л╪з┘Ж┘К,рджреВрд╕рд░рд╛ рдлреЙрд░реНрдореЗрдВрдЯ,ржжрзНржмрж┐рждрзАрзЯ ржлрж░ржорзНржпрж╛ржирзНржЯ,Forman kedua,╪п┘И╪│╪▒╪з ┘Б╪з╪▒┘Е█М┘Ж█Б,Formant thс╗й hai,─░kinci formant,┘Б╪▒┘Е╪з┘Ж╪к ╪п┘И┘Е,rw: Second Formant,роЗро░рогрпНроЯро╛роорпН ро╡роЯро┐ро╡роорпН,
AV First Formant,Formante AV primero,ЁЯзСЁЯФКЁЯУ│1,AV ╨┐╨╡╤А╤И╨╕╨╣ ╤Д╨╛╤А╨╝╨░╨╜╤В,AV ╨┐╨╡╤А╨▓╤Л╨╣ ╤Д╨╛╤А╨╝╨░╨╜╤В,AV erster Formant,AV primo formante,AV premier formant,AV primeiro formante,AV чммф╕АхЕ▒цМпх│░,AV р╣Вр╕Яр╕гр╣Мр╣Бр╕бр╕Щр╕Хр╣Мр╣Бр╕гр╕Б,AV чммф╕АуГХуВйуГ╝уГЮуГ│уГИ,AV ь▓л ы▓Иьз╕ эПмыи╝эК╕,╪з┘Д┘Б╪з╪▒┘Е╪з┘Ж╪к ╪з┘Д╪г┘И┘Д AV,AV рдкрд╣рд▓рд╛ рдлреЙрд░реНрдореЗрдВрдЯ,AV ржкрзНрж░ржержо ржлрж░ржорзНржпрж╛ржирзНржЯ,Forman AV pertama,AV ┘╛█Б┘Д╪з ┘Б╪з╪▒┘Е█М┘Ж█Б,AV formant ─Сс║зu ti├кn,AV birinci formant,╪в┘И█М ┘Б╪▒┘Е╪з┘Ж╪к ╪з┘И┘Д,rw: AV First Formant,AV роорпБродро▓рпН ро╡роЯро┐ро╡роорпН,
AV Second Formant,Segundo formante AV,ЁЯзСЁЯФКЁЯУ│2,AV ╨┤╤А╤Г╨│╨╕╨╣ ╤Д╨╛╤А╨╝╨░╨╜╤В,AV ╨▓╤В╨╛╤А╨╛╨╣ ╤Д╨╛╤А╨╝╨░╨╜╤В,AV zweiter Formant,AV secondo formante,AV deuxi├иme formant,AV segundo formante,AV чммф║МхЕ▒цМпх│░,AV р╣Вр╕Яр╕гр╣Мр╣Бр╕бр╕Щр╕Хр╣Мр╕Чр╕╡р╣Ир╕кр╕нр╕З,AV чммф║МуГХуВйуГ╝уГЮуГ│уГИ,AV ыСР ы▓Иьз╕ эПмыи╝эК╕,╪з┘Д┘Б╪з╪▒┘Е╪з┘Ж╪к ╪з┘Д╪л╪з┘Ж┘К AV,AV рджреВрд╕рд░рд╛ рдлреЙрд░реНрдореЗрдВрдЯ,AV ржжрзНржмрж┐рждрзАржпрж╝ ржлрж░ржорзНржпрж╛ржирзНржЯ,Forman AV kedua,AV ╪п┘И╪│╪▒╪з ┘Б╪з╪▒┘Е█М┘Ж█Б,AV formant thс╗й hai,AV ikinci formant,╪в┘И█М ┘Б╪▒┘Е╪з┘Ж╪к ╪п┘И┘Е,rw: AV Second Formant,AV роЗро░рогрпНроЯро╛роорпН ро╡роЯро┐ро╡роорпН,
Energy,Energ├нa,тЪб,╨Х╨╜╨╡╤А╨│╤Ц╤П,╨н╨╜╨╡╤А╨│╨╕╤П,Energie,Energia,├Йnergie,Energia,шГ╜щЗП,р╕Юр╕ер╕▒р╕Зр╕Зр╕▓р╕Щ,уВиуГНуГлуВоуГ╝,ьЧРыДИьзА,╪╖╪з┘В╪й,рдКрд░реНрдЬрд╛,рж╢ржХрзНрждрж┐,Energi,╪к┘И╪з┘Ж╪з╪ж█М,N─Гng l╞░с╗гng,Enerji,╪з┘Ж╪▒┌Ш█М,rw: Energy,роЖро▒рпНро▒ро▓рпН,
1st/2nd Harmonic Balance,Equilibrio arm├│nico 1┬║/2┬║,ЁЯО╡тЖХ1тЪЦя╕ПЁЯО╡тЖХ2,╨С╨░╨╗╨░╨╜╤Б 1-╨│╨╛/2-╨│╨╛ ╨│╨░╤А╨╝╨╛╨╜╤Ц╨║,╨С╨░╨╗╨░╨╜╤Б 1-╨╣/2-╨╣ ╨│╨░╤А╨╝╨╛╨╜╨╕╨║,1./2. Harmonikausgleich,Bilanciamento armonico 1┬░/2┬░,├Йquilibre harmonique 1re/2e,Equil├нbrio harm├┤nico 1┬║/2┬║,1/2 цмбш░Рц│вх╣│шбб,р╕кр╕бр╕Фр╕╕р╕ер╕ор╕▓р╕гр╣Мр╕бр╕нр╕Щр╕┤р╕Бр╕Чр╕╡р╣И 1/2,чмм1/2щлШшк┐ц│вуГРуГйуГ│уВ╣,1/2ь░и ъ│аьб░эММ ы░╕ыЯ░ьКд,╪к┘И╪з╪▓┘Ж ╪з┘Д╪к┘И╪з┘Б┘В┘К╪з╪к 1/2,1рд▓реА/2рд░реА рд╣рд╛рд░реНрдореЛрдирд┐рдХ рд╕рдВрддреБрд▓рди,рззржо/рзирзЯ рж╣рж╛рж░ржорзЛржирж┐ржХ ржнрж╛рж░рж╕рж╛ржорзНржп,Keseimbangan harmonik 1/2,1/2 █Б╪з╪▒┘Е┘И┘Ж┌й ╪к┘И╪з╪▓┘Ж,C├вn bс║▒ng ─Сiс╗Бu ho├а bс║нc 1/2,1./2. harmonik dengesi,╪к┘И╪з╪▓┘Ж ┘З╪з╪▒┘Е┘И┘Ж█М┌й 1/2,rw: 1st/2nd Harmonic Balance,1ро╡родрпБ/2ро╡родрпБ роТроЪрпИ роЪроороиро┐ро▓рпИ,
Voice Weight,Peso de voz,ЁЯзСЁЯФКтЪЦя╕П,╨Т╨░╨│╨░ ╨│╨╛╨╗╨╛╤Б╤Г,╨Т╨╡╤Б ╨│╨╛╨╗╨╛╤Б╨░,Stimmgewicht,Peso vocale,Poids de la voix,Peso da voz,хг░щЯ│щЗНщЗП,р╕Щр╣Йр╕│р╕лр╕Щр╕▒р╕Бр╣Ар╕кр╕╡р╕вр╕З,хг░уБощЗНуБХ,ьЭМьД▒ ым┤ъ▓М,┘И╪▓┘Ж ╪з┘Д╪╡┘И╪к,рд╡реЙрдЗрд╕ рд╡реЗрдЯ,ржнржпрж╝рзЗрж╕ ржУржЬржи,Berat suara,╪╡┘И╪к ┌й╪з ┘И╪▓┘Ж,Trс╗Нng l╞░с╗гng giс╗Нng n├│i,Ses a─Я─▒rl─▒─Я─▒,┘И╪▓┘Ж ╪╡╪п╪з,rw: Voice Weight,роХрпБро░ро▓рпН роОроЯрпИ,
Harmonic to Noise Ratio,Relaci├│n arm├│nico/ruido,ЁЯФКя╕ПЁЯО╡тЪЦя╕ПЁЯФКтЪая╕П,╨б╨┐╤Ц╨▓╨▓╤Ц╨┤╨╜╨╛╤И╨╡╨╜╨╜╤П ╨│╨░╤А╨╝╨╛╨╜╤Ц╨║/╤И╤Г╨╝╤Г,╨Ю╤В╨╜╨╛╤И╨╡╨╜╨╕╨╡ ╨│╨░╤А╨╝╨╛╨╜╨╕╨║ ╨║ ╤И╤Г╨╝╤Г,Harmonisch-zu-Rausch-Verh├дltnis,Rapporto armonica/rumore,Rapport harmonique/bruit,Rela├з├гo harm├┤nico/ru├нdo,ш░Рц│вф╕ОхЩкхг░цпФ,р╕нр╕▒р╕Хр╕гр╕▓р╕кр╣Ир╕зр╕Щр╕ор╕▓р╕гр╣Мр╕бр╕нр╕Щр╕┤р╕Бр╕Хр╣Ир╕нр╣Ар╕кр╕╡р╕вр╕Зр╕гр╕Ър╕Бр╕зр╕Щ,уГПуГ╝уГвуГЛуВпуВ╣хп╛уГОуВдуВ║цпФ,ъ│аьб░эММ ыМА ьЮбьЭМ ы╣ДьЬи,┘Ж╪│╪и╪й ╪з┘Д╪к┘И╪з┘Б┘В┘К╪й ╪е┘Д┘Й ╪з┘Д╪╢┘И╪╢╪з╪б,рд╣рд╛рд░реНрдореЛрдирд┐рдХ рдЯреВ рдиреЙрдЗрдЬрд╝ рдЕрдиреБрдкрд╛рдд,рж╣рж╛рж░ржорзЛржирж┐ржХ-ржЯрзБ-ржиржпрж╝рзЗржЬ ржЕржирзБржкрж╛ржд,Rasio harmonik terhadap kebisingan,█Б╪з╪▒┘Е┘И┘Ж┌й ╪│█Т ╪┤┘И╪▒ ╪к┘Ж╪з╪│╪и,Tс╗╖ lс╗З ─Сiс╗Бu ho├а/tс║бp ├вm,Harmonik/g├╝r├╝lt├╝ oran─▒,┘Ж╪│╪и╪к ┘З╪з╪▒┘Е┘И┘Ж█М┌й ╪и┘З ┘Ж┘И█М╪▓,rw: Harmonic to Noise Ratio,роТроЪрпИ/роЪродрпНродроорпН ро╡ро┐роХро┐родроорпН,
BER Low,BER Bajo,ЁЯФКя╕ПтЪбЁЯУЙ,BER ╨╜╨╕╨╖╤М╨║╨╕╨╣,BER ╨╜╨╕╨╖╨║╨╕╨╣,Niedriges BER,BER basso,BER faible,BER baixo,ф╜ОцпФчЙ╣щФЩшппчОЗ,BER р╕Хр╣Ир╕│,ф╜ОBER,ыВоьЭА BER,BER ┘Е┘Ж╪о┘Б╪╢,BER рдХрдо,BER ржХржо,BER rendah,BER ┌й┘Е,BER thс║еp,D├╝┼Я├╝k BER,BER ┌й┘Е,rw: BER Low,роХрпБро▒рпИро╡рпБ BER,
BER Medium,BER Medio,ЁЯФКя╕ПтЪбтЮЦ,BER ╤Б╨╡╤А╨╡╨┤╨╜╤Ц╨╣,BER ╤Б╤А╨╡╨┤╨╜╨╕╨╣,Mittleres BER,BER medio,BER moyen,BER m├йdio,ф╕нчнЙцпФчЙ╣щФЩшппчОЗ,BER р╕Бр╕ер╕▓р╕З,ф╕нBER,ьдСъ░Д BER,BER ┘Е╪к┘И╪│╪╖,BER рдордзреНрдпрдо,BER ржорж╛ржЭрж╛ржорж╛ржЭрж┐,BER sedang,BER ╪п╪▒┘Е█М╪з┘Ж█Б,BER trung b├мnh,Orta BER,BER ┘Е╪к┘И╪│╪╖,rw: BER Medium,роородрпНродро┐роп BER,
BER High,BER Alto,ЁЯФКя╕ПтЪбЁЯУИ,BER ╨▓╨╕╤Б╨╛╨║╨╕╨╣,BER ╨▓╤Л╤Б╨╛╨║╨╕╨╣,Hohes BER,BER elevato,BER ├йlev├й,BER alto,щлШцпФчЙ╣щФЩшппчОЗ,BER р╕кр╕╣р╕З,щлШBER,ыЖТьЭА BER,BER ┘Е╪▒╪к┘Б╪╣,BER рдЙрдЪреНрдЪ,BER ржЙржЪрзНржЪ,BER tinggi,BER ╪▓█М╪з╪п█Б,BER cao,Y├╝ksek BER,BER ╪▓█М╪з╪п,rw: BER High,роЙропро░рпН BER,
H/L Ratio,Relaci├│n H/L,ЁЯФКя╕ПтЪбЁЯУИтЪЦя╕ПЁЯФКтЪбЁЯУЙ,╨б╨┐╤Ц╨▓╨▓╤Ц╨┤╨╜╨╛╤И╨╡╨╜╨╜╤П H/L,╨б╨╛╨╛╤В╨╜╨╛╤И╨╡╨╜╨╕╨╡ H/L,H/L-Verh├дltnis,Rapporto H/L,Rapport H/L,Rela├з├гo H/L,щлШф╜ОцпФчОЗ,р╕нр╕▒р╕Хр╕гр╕▓р╕кр╣Ир╕зр╕Щ H/L,H/L цпФчОЗ,H/L ы╣ДьЬи,┘Ж╪│╪и╪й H/L,H/L рдЕрдиреБрдкрд╛рдд,H/L ржЕржирзБржкрж╛ржд,Rasio H/L,H/L ╪к┘Ж╪з╪│╪и,Tс╗╖ lс╗З H/L,H/L Oran─▒,┘Ж╪│╪и╪к H/L,rw: H/L Ratio,H/L ро╡ро┐роХро┐родроорпН,
Voice detection,Detecci├│n de voz,ЁЯзСЁЯФКЁЯФН,╨Т╨╕╤П╨▓╨╗╨╡╨╜╨╜╤П ╨│╨╛╨╗╨╛╤Б╤Г,╨Ю╨▒╨╜╨░╤А╤Г╨╢╨╡╨╜╨╕╨╡ ╨│╨╛╨╗╨╛╤Б╨░,Spracherkennung,Rilevamento vocale,D├йtection vocale,Detec├з├гo de voz,шпнщЯ│цгАц╡Л,р╕Хр╕гр╕зр╕Ир╕Ир╕▒р╕Ър╣Ар╕кр╕╡р╕вр╕З,хг░цдЬхЗ║,ьЭМьД▒ ъ░РьзА,┘Г╪┤┘Б ╪з┘Д╪╡┘И╪к,рд╡реЙрдЗрд╕ рдбрд┐рдЯреЗрдХреНрд╢рди,ржнржпрж╝рзЗрж╕ ржбрж┐ржЯрзЗржХрж╢ржи,Deteksi suara,╪╡┘И╪к ┌й█М ╪┤┘Ж╪з╪о╪к,Ph├бt hiс╗Зn giс╗Нng n├│i,Ses alg─▒lama,╪к╪┤╪о█М╪╡ ╪╡╪п╪з,rw: Voice detection,роХрпБро░ро▓рпН роХрогрпНроЯро▒ро┐родро▓рпН,
Spectral Centroid,Centroide espectral,ЁЯП│я╕ПтАНЁЯМИЁЯУКЁЯОп,╨б╨┐╨╡╨║╤В╤А╨░╨╗╤М╨╜╨╕╨╣ ╤Ж╨╡╨╜╤В╤А╨╛╤Ч╨┤,╨б╨┐╨╡╨║╤В╤А╨░╨╗╤М╨╜╤Л╨╣ ╤Ж╨╡╨╜╤В╤А╨╛╨╕╨┤,Spektral-Schwerpunkt,Centroide spettrale,Centro├пde spectral,Centroide espectral,ш░▒х┐Г,р╕Ир╕╕р╕Фр╕ир╕╣р╕Щр╕вр╣Мр╕Цр╣Ир╕зр╕Зр╕кр╣Ар╕Ыр╕Бр╕Хр╕гр╕▒р╕б,уВ╣уГЪуВпуГИуГлщЗНх┐Г,ьКдэОЩэК╕ыЯ┤ ьдСьЛм,┘Е╪▒┘Г╪▓ ╪з┘Д╪╖┘К┘Б,рд╕реНрдкреЗрдХреНрдЯреНрд░рд▓ рд╕реЗрдВрдЯреНрд░реЛрдЗрдб,рж╕рзНржкрзЗржХржЯрзНрж░рж╛рж▓ рж╕рзЗржирзНржЯрзНрж░ржпрж╝ржб,Sentroid spektral,╪│┘╛█М┌й┘╣╪▒┘Д ╪│█М┘Ж┘╣╪▒╪з╪ж█М┌И,T├вm quang phс╗Х,Spektral merkez,┘Е╪▒┌й╪▓ ╪╖█М┘Б█М,rw: Spectral Centroid,роХродро┐ро░рпНро╡рпЖроЯрпНроЯрпБ роорпИропроорпН,
Spectral Tilt,Inclinaci├│n espectral,ЁЯП│я╕ПтАНЁЯМИЁЯУКЁЯУР,╨б╨┐╨╡╨║╤В╤А╨░╨╗╤М╨╜╨╕╨╣ ╨╜╨░╤Е╨╕╨╗,╨б╨┐╨╡╨║╤В╤А╨░╨╗╤М╨╜╤Л╨╣ ╨╜╨░╨║╨╗╨╛╨╜,Spektralneigung,Inclinazione spettrale,Inclinaison spectrale,Inclina├з├гo espectral,ш░▒хА╛цЦЬ,р╣Ар╕нр╕╡р╕вр╕Зр╕кр╣Ар╕Ыр╕Бр╕Хр╕гр╕▒р╕б,уВ╣уГЪуВпуГИуГлхВ╛цЦЬ,ьКдэОЩэК╕ыЯ┤ эЛ╕эК╕,╪з┘Ж╪н╪п╪з╪▒ ╪╖┘К┘Б┘К,рд╕реНрдкреЗрдХреНрдЯреНрд░рд▓ рдЯрд┐рд▓реНрдЯ,рж╕рзНржкрзЗржХржЯрзНрж░рж╛рж▓ ржЯрж┐рж▓рзНржЯ,Tilt spektral,╪│┘╛█М┌й┘╣╪▒┘Д ┘╣┘Д┘╣,─Рс╗Щ nghi├кng quang phс╗Х,Spektral e─Яim,╪┤█М╪и ╪╖█М┘Б█М,rw: Spectral Tilt,роХродро┐ро░рпНро╡рпЖроЯрпНроЯрпБ родро│ро░рпНро╡рпБ,
Spectral Spread,Dispersi├│n espectral,ЁЯП│я╕ПтАНЁЯМИЁЯУКЁЯМЕ,╨б╨┐╨╡╨║╤В╤А╨░╨╗╤М╨╜╨╡ ╤А╨╛╨╖╤Б╤Ц╤О╨▓╨░╨╜╨╜╤П,╨б╨┐╨╡╨║╤В╤А╨░╨╗╤М╨╜╤Л╨╣ ╤А╨░╨╖╨▒╤А╨╛╤Б,Spektralstreuung,Spread spettrale,Dispersion spectrale,Dispers├гo espectral,ш░▒цЙйх▒Х,р╕Бр╕▓р╕гр╕Бр╕гр╕░р╕Ир╕▓р╕вр╕кр╣Ар╕Ыр╕Бр╕Хр╕гр╕▒р╕б,уВ╣уГЪуВпуГИуГлуВ╣уГЧуГмуГГуГЙ,ьКдэОЩэК╕ыЯ┤ ьКдэФДыаИыУЬ,╪з┘Ж╪к╪┤╪з╪▒ ╪╖┘К┘Б┘К,рд╕реНрдкреЗрдХреНрдЯреНрд░рд▓ рд╕реНрдкреНрд░реЗрдб,рж╕рзНржкрзЗржХржЯрзНрж░рж╛рж▓ рж╕рзНржкрзНрж░рзЗржб,Sebaran spektral,╪│┘╛█М┌й┘╣╪▒┘Д ┘╛┌╛█М┘Д╪з╪д,Ph├вn t├бn quang phс╗Х,Spektral yay─▒l─▒m,┌п╪│╪к╪▒╪п┌п█М ╪╖█М┘Б█М,rw: Spectral Spread,роХродро┐ро░рпНро╡рпЖроЯрпНроЯрпБ рокро░рокрпНрокрпБ,
Jitter,Jitter,ЁЯО▓,╨Ф╨╢╨╕╤В╤В╨╡╤А,╨Ф╨╢╨╕╤В╤В╨╡╤А,Jitter,Jitter,Jitter,Jitter,цКЦхКи,р╕Ир╕┤р╕Хр╣Ар╕Хр╕нр╕гр╣М,уВ╕уГГуВ┐уГ╝,ьзАэД░,╪м╪к╪▒,рдЬрд┐рдЯрд░,ржЬрж┐ржЯрж╛рж░,Jitter,╪м┘Р┘╣╪▒,Jitter,Jitter,╪м╪к╪▒,rw: Jitter,роЬро┐роЯрпНроЯро░рпН,
Shimmer,Brillo,тЬи,╨С╨╗╨╕╤Б╨║,╨С╨╗╨╡╤Б╨║,Schimmer,Lucentezza,Scintillement,Brilho,щЧкчГБ,р╕Кр╕┤р╕бр╣Ар╕бр╕нр╕гр╣М,уВ╖уГЮуГ╝,ьДмыи╕,┘И┘Е┘К╪╢,рд╢рд┐рдорд░,рж╢рж┐ржорж╛рж░,Shimmer,╪┤┘Е╪▒,Shimmer,Shimmer,╪┤█М┘Е┘Е╪▒,rw: Shimmer,роТро│ро┐ро░рпНроЪрпНроЪро┐,
Prosody,Prosodia,ЁЯО╡тЖХтП▒я╕П,╨Я╤А╨╛╤Б╨╛╨┤╤Ц╤П,╨Я╤А╨╛╤Б╨╛╨┤╨╕╤П,Prosodie,Prosodia,Prosodie,Pros├│dia,щЯ╡х╛Л,р╕Юр╕гр╕нр╕кр╕нр╕Фр╕╡,щЯ╗х╛Л,ьЪ┤ьЬи,╪╣┘Д┘Е ╪з┘Д┘Ж╪║┘Е,рдкреНрд░реЛрд╕реЛрдбреА,ржкрзНрж░рж╕ржбрж┐,Prosodi,Prosody,Ngс╗п ─Сiс╗Зu,Prozodi,╪в┘И╪з╪┤┘Ж╪з╪│█М,rw: Prosody,роирпЖро▒ро┐роорпБро▒рпИроХро│рпН,
Rythm (BPM),Ritmo (BPM),ЁЯеБтП▒я╕П,╨а╨╕╤В╨╝ (BPM),╨а╨╕╤В╨╝ (BPM),Rhythmus (BPM),Ritmo (BPM),Rythme (BPM),Ritmo (BPM),шКВхеП (BPM),р╕Ир╕▒р╕Зр╕лр╕зр╕░ (BPM),уГкуВ║уГа (BPM),ыжмыУм (BPM),╪е┘К┘В╪з╪╣ (BPM),рд░рд┐рджрдо (BPM),рж░рж┐ржжржо (BPM),Ritme (BPM),╪п┌╛┌С┌й┘Ж (BPM),Nhс╗Лp (BPM),Ritim (BPM),╪▒█М╪к┘Е (BPM),rw: Rythm (BPM),роЗроЪрпИ (BPM),
Clarity,Claridad,тЪкЁЯТб,╨з╤Ц╤В╨║╤Ц╤Б╤В╤М,╨з╤С╤В╨║╨╛╤Б╤В╤М,Klarheit,Chiarezza,Clart├й,Clareza,ц╕ЕцЩ░х║ж,р╕Др╕зр╕▓р╕бр╕Кр╕▒р╕Фр╣Ар╕Ир╕Щ,цШОчЮнх║ж,ыкЕыгМыПД,┘И╪╢┘И╪н,рд╕реНрдкрд╖реНрдЯрддрд╛,рж╕рзНржмржЪрзНржЫрждрж╛,Kejelasan,┘И╪╢╪з╪н╪к,─Рс╗Щ r├╡,Berrakl─▒k,┘И╪╢┘И╪н,rw: Clarity,родрпН родрпЖро│ро┐ро╡рпБ,
Duration of Pauses,Duraci├│n de pausas,тП╕я╕ПтП▒я╕П,╨в╤А╨╕╨▓╨░╨╗╤Ц╤Б╤В╤М ╨┐╨░╤Г╨╖,╨Ф╨╗╨╕╤В╨╡╨╗╤М╨╜╨╛╤Б╤В╤М ╨┐╨░╤Г╨╖,Dauer der Pausen,Durata delle pause,Dur├йe des pauses,Dura├з├гo de pausas,хБЬщб┐цЧ╢щХ┐,р╕гр╕░р╕вр╕░р╣Ар╕зр╕ер╕▓р╕лр╕вр╕╕р╕Ф,уГЭуГ╝уВ║уБощХ╖уБХ,ьЭ╝ьЛЬ ьдСьзА ьЛЬъ░Д,┘Е╪п╪й ╪з┘Д╪к┘И┘В┘Б╪з╪к,рд╡рд┐рд░рд╛рдо рдХреА рдЕрд╡рдзрд┐,ржерж╛ржорж╛рж░ ржжрзИрж░рзНржШрзНржп,Durasi jeda,┘И┘В┘Б┘И┌║ ┌й█М ╪п┘И╪▒╪з┘Ж█М█Б,Thс╗Эi l╞░с╗гng dс╗лng,Duraklama s├╝resi,┘Е╪п╪к ┘Е┌й╪л,rw: Duration of Pauses,роЗроЯрпИроиро┐ро▒рпБродрпНрод роирпЗро░роорпН,
Zoom,Zoom,ЁЯФН,╨Ч╨▒╤Ц╨╗╤М╤И╨╡╨╜╨╜╤П,╨г╨▓╨╡╨╗╨╕╤З╨╕╤В╤М,Zoomen,Zoom,Zoom,Zoom,ч╝йцФ╛,р╕Лр╕╣р╕б,уВ║уГ╝уГа,эЩХыМА,╪к┘Г╪и┘К╪▒,рдЬрд╝реВрдо,ржЬрзБржо,Zoom,╪▓┘И┘Е,Ph├│ng to,Yak─▒nla┼Яt─▒r,╪и╪▓╪▒┌п┘Ж┘Е╪з█М█М,rw: Zoom,роЪрпЖро░рпБроХро▓рпН,
Start recording,Iniciar grabaci├│n,тП║я╕П,╨Я╨╛╤З╨░╤В╨╕ ╨╖╨░╨┐╨╕╤Б,╨Э╨░╤З╨░╤В╤М ╨╖╨░╨┐╨╕╤Б╤М,Aufnahme starten,Avvia registrazione,D├йmarrer l'enregistrement,Iniciar grava├з├гo,х╝АхзЛх╜ХхИ╢,р╣Ар╕гр╕┤р╣Ир╕бр╕Ър╕▒р╕Щр╕Чр╕╢р╕Б,щМ▓щЯ│щЦЛхзЛ,ыЕ╣ьЭМ ьЛЬьЮС,╪з╪и╪п╪г ╪з┘Д╪к╪│╪м┘К┘Д,рд░рд┐рдХреЙрд░реНрдбрд┐рдВрдЧ рд╢реБрд░реВ рдХрд░реЗрдВ,рж░рзЗржХрж░рзНржбрж┐ржВ рж╢рзБрж░рзБ ржХрж░рзБржи,Mulai merekam,╪▒█М┌й╪з╪▒┌И┘Ж┌п ╪┤╪▒┘И╪╣ ┌й╪▒█М┌║,Bс║пt ─Сс║зu ghi ├вm,Kayd─▒ ba┼Яlat,╪┤╪▒┘И╪╣ ╪╢╪и╪╖,rw: Start recording,рокродро┐ро╡рпИ родрпКроЯроЩрпНроХрпБ,
Spectrogram,Espectrograma,ЁЯП│я╕ПтАНЁЯМИЁЯУКя╕ПтП▒я╕П,╨б╨┐╨╡╨║╤В╤А╨╛╨│╤А╨░╨╝╨░,╨б╨┐╨╡╨║╤В╤А╨╛╨│╤А╨░╨╝╨╝╨░,Spektrogramm,Spettrogramma,Spectrogramme,Espectrograma,щвСш░▒хЫ╛,р╕кр╣Ар╕Ыр╕Бр╣Вр╕Чр╕гр╣Бр╕Бр╕гр╕б,уВ╣уГЪуВпуГИуГнуВ░уГйуГа,ьКдэОЩэК╕ыбЬъ╖╕ыЮи,┘Е╪о╪╖╪╖ ╪╖┘К┘Б┘К,рд╕реНрдкреЗрдХреНрдЯреНрд░реЛрдЧреНрд░рд╛рдо,рж╕рзНржкрзЗржХрзНржЯрзНрж░рзЛржЧрзНрж░рж╛ржо,Spektrogram,╪з╪│┘╛█М┌й┘╣╪▒┘И┌п╪▒╪з┘Е,Biс╗Гu ─Сс╗У quang phс╗Х,Spektrogram,┘Ж┘Е╪з█М ╪╖█М┘Б█М,rw: Spectrogram,роЕро▓рпИро╡роХрпБроирпЛроХрпНроХроорпН,
Energy Spectrogram,Espectrograma de energ├нa,тЪбЁЯП│я╕ПтАНЁЯМИЁЯУКя╕ПтП▒я╕П,╨Х╨╜╨╡╤А╨│╨╡╤В╨╕╤З╨╜╨░ ╤Б╨┐╨╡╨║╤В╤А╨╛╨│╤А╨░╨╝╨░,╨н╨╜╨╡╤А╨│╨╡╤В╨╕╤З╨╡╤Б╨║╨░╤П ╤Б╨┐╨╡╨║╤В╤А╨╛╨│╤А╨░╨╝╨╝╨░,Energie-Spektrogramm,Spettrogramma energetico,Spectrogramme d'├йnergie,Espectrograma de energia,шГ╜щЗПщвСш░▒хЫ╛,р╕кр╣Ар╕Ыр╕Бр╣Вр╕Чр╕гр╣Бр╕Бр╕гр╕бр╕Юр╕ер╕▒р╕Зр╕Зр╕▓р╕Щ,уВиуГНуГлуВоуГ╝уВ╣уГЪуВпуГИуГнуВ░уГйуГа,ьЧРыДИьзА ьКдэОЩэК╕ыбЬъ╖╕ыЮи,┘Е╪о╪╖╪╖ ╪╖┘К┘Б┘К ┘Д┘Д╪╖╪з┘В╪й,рдКрд░реНрдЬрд╛ рд╕реНрдкреЗрдХреНрдЯреНрд░реЛрдЧреНрд░рд╛рдо,ржПржирж╛рж░рзНржЬрж┐ рж╕рзНржкрзЗржХрзНржЯрзНрж░рзЛржЧрзНрж░рж╛ржо,Spektrogram energi,╪к┘И╪з┘Ж╪з╪ж█М ╪з╪│┘╛┘К┌к┘╣╪▒┘И┌п╪▒╪з┘Е,Biс╗Гu ─Сс╗У quang phс╗Х n─Гng l╞░с╗гng,Enerji spektrogram─▒,┘Ж┘Е╪з█М ╪╖█М┘Б█М ╪з┘Ж╪▒┌Ш█М,rw: Energy Spectrogram,роЖро▒рпНро▒ро▓рпН роЕро▓рпИро╡роХрпБроирпЛроХрпНроХроорпН,
Reset,Restablecer,ЁЯФД,╨б╨║╨╕╨╜╤Г╤В╨╕,╨б╨▒╤А╨╛╤Б,Zur├╝cksetzen,Reimposta,R├йinitialiser,Redefinir,щЗНч╜о,р╕гр╕╡р╣Ар╕Лр╣Зр╕Х,уГкуВ╗уГГуГИ,ыжмьЕЛ,╪е╪╣╪з╪п╪й ╪к╪╣┘К┘К┘Ж,рд░реАрд╕реЗрдЯ,рж░рж┐рж╕рзЗржЯ,Atur ulang,╪▒█М ╪│█М┘╣,─Рс║╖t lс║бi,S─▒f─▒rla,╪и╪з╪▓┘Ж╪┤╪з┘Ж█М,rw: Reset,роорпАроЯрпНроЯроорпИ,
Measure everything,Medir tod0,ЁЯУПЁЯМР,╨Т╨╕╨╝╤Ц╤А╤П╤В╨╕ ╨▓╤Б╨╡,╨Ш╨╖╨╝╨╡╤А╨╕╤В╤М ╨▓╤Б╤С,Alles messen,Misura tutto,Mesurer tout,Medir tudo,ц╡ЛщЗПцЙАцЬЙ,р╕зр╕▒р╕Фр╕Чр╕╕р╕Бр╕нр╕вр╣Ир╕▓р╕З,уБЩуБ╣уБжц╕мхоЪ,ыкиыСР ь╕бьаХ,┘В┘К╪з╪│ ┘Г┘Д ╪┤┘К╪б,рд╕рдм рдХреБрдЫ рдорд╛рдкреЗрдВ,рж╕ржм ржорж╛ржкрзБржи,Ukur semuanya,█Б╪▒ ┌Ж█М╪▓ ┘Е╪з┘╛█М┌║,─Рo mс╗Нi thс╗й,Her ┼Яeyi ├╢l├з,┘З┘Е┘З ┌Ж█М╪▓ ╪▒╪з ╪з┘Ж╪п╪з╪▓┘З ╪и┌п█М╪▒█М╪п,rw: Measure everything,роЕройрпИродрпНродрпИропрпБроорпН роЕро│ро╡рпБ,
Note Graph,Gr├бfico de notas,ЁЯО╝,╨У╤А╨░╤Д╤Ц╨║ ╨╜╨╛╤В,╨У╤А╨░╤Д╨╕╨║ ╨╜╨╛╤В,Notengrafik,Grafico delle note,Graphique des notes,Gr├бfico de notas,щЯ│чмжхЫ╛,р╕Бр╕гр╕▓р╕Яр╣Вр╕Щр╣Йр╕Х,уГОуГ╝уГИуВ░уГйуГХ,ыЕ╕эК╕ ъ╖╕ыЮШэФД,┘Е╪о╪╖╪╖ ╪з┘Д┘Ж┘И╪к╪з╪к,рдиреЛрдЯ рдЧреНрд░рд╛рдл,ржирзЛржЯ ржЧрзНрж░рж╛ржл,Grafik nada,┘Ж┘И┘╣ ┌п╪▒╪з┘Б,─Рс╗У thс╗Л nс╗Сt,Nota grafi─Яi,┘Ж┘Е┘И╪п╪з╪▒ ┘Ж╪к,rw: Note Graph,роХрпБро▒ро┐рокрпНрокрпБ ро╡ро░рпИрокроЯроорпН,
Recording,Grabando,тП║я╕ПЁЯФ┤,╨Ч╨░╨┐╨╕╤Б,╨Ч╨░╨┐╨╕╤Б╤М,Aufnahme,Registrazione,Enregistrement,Grava├з├гo,х╜ХхИ╢ф╕н,р╕Бр╕│р╕ер╕▒р╕Зр╕Ър╕▒р╕Щр╕Чр╕╢р╕Б,щМ▓щЯ│ф╕н,ыЕ╣ьЭМ ьдС,╪м╪з╪▒┘К ╪з┘Д╪к╪│╪м┘К┘Д,рд░рд┐рдХреЙрд░реНрдбрд┐рдВрдЧ,рж░рзЗржХрж░рзНржбрж┐ржВ,Merekam,╪▒█М┌й╪з╪▒┌И┘Ж┌п,─Рang ghi,Kaydediliyor,╪п╪▒ ╪н╪з┘Д ╪╢╪и╪╖,rw: Recording,рокродро┐ро╡рпБ,
Scroll,Desplazar,ЁЯУ▒ЁЯСЖтЖФя╕П,╨Я╤А╨╛╨║╤А╤Г╤В╨║╨░,╨Я╤А╨╛╨║╤А╤Г╤В╨║╨░,Scrollen,Scorri,Faire d├йfiler,Rolar,ц╗ЪхКи,р╣Ар╕ер╕╖р╣Ир╕нр╕Щ,уВ╣уВпуГнуГ╝уГл,ьКдэБмыбд,╪к┘Е╪▒┘К╪▒,рд╕реНрдХреНрд░реЙрд▓,рж╕рзНржХрзНрж░рзЛрж▓,Gulir,╪│┌й╪▒┘И┘Д,Cuс╗Щn,Kayd─▒r,╪з╪│┌й╪▒┘И┘Д,rw: Scroll,ро╕рпНроХрпНро░рпЛро▓рпН,
Rename,Renombrar,тЬПя╕П,╨Я╨╡╤А╨╡╨╣╨╝╨╡╨╜╤Г╨▓╨░╤В╨╕,╨Я╨╡╤А╨╡╨╕╨╝╨╡╨╜╨╛╨▓╨░╤В╤М,Umbenennen,Rinomina,Renommer,Renomear,щЗНхС╜хРН,р╣Ар╕Ыр╕ер╕╡р╣Ир╕вр╕Щр╕Кр╕╖р╣Ир╕н,хРНхЙНуВТхдЙцЫ┤,ьЭ┤ыжД ы░Фъ╛╕ъ╕░,╪е╪╣╪з╪п╪й ╪к╪│┘Е┘К╪й,рдирд╛рдо рдмрджрд▓реЗрдВ,ржирж╛ржо ржкрж░рж┐ржмрж░рзНрждржи,Ganti nama,┘Ж╪з┘Е ╪к╪и╪п█М┘Д ┌й╪▒█М┌║,─Рс╗Хi t├кn,Yeniden adland─▒r,╪к╪║█М█М╪▒ ┘Ж╪з┘Е,rw: Rename,рокрпЖропро░рпИ рооро╛ро▒рпНро▒рпБ,
Cancel,Cancelar,тЭМ,╨б╨║╨░╤Б╤Г╨▓╨░╤В╨╕,╨Ю╤В╨╝╨╡╨╜╨░,Abbrechen,Annulla,Annuler,Cancelar,хПЦц╢И,р╕вр╕Бр╣Ар╕ер╕┤р╕Б,уВнуГгуГ│уВ╗уГл,ь╖иьЖМ,╪е┘Д╪║╪з╪б,рд░рджреНрдж рдХрд░реЗрдВ,ржмрж╛рждрж┐рж▓,Batal,┘Е┘Ж╪│┘И╪о ┌й╪▒█М┌║,Hс╗зy,─░ptal,┘Д╪║┘И,rw: Cancel,ро░родрпНродрпБроЪрпЖропрпН,
Warning,Advertencia,тЪая╕П,╨Я╨╛╨┐╨╡╤А╨╡╨┤╨╢╨╡╨╜╨╜╤П,╨Я╤А╨╡╨┤╤Г╨┐╤А╨╡╨╢╨┤╨╡╨╜╨╕╨╡,Warnung,Avviso,Avertissement,Aviso,шнжхСК,р╕Др╕│р╣Ар╕Хр╕╖р╕нр╕Щ,шнжхСК,ъ▓╜ъ│а,╪к╪н╪░┘К╪▒,рдЪреЗрддрд╛рд╡рдиреА,рж╕рждрж░рзНржХрждрж╛,Peringatan,╪з┘Ж╪к╪и╪з█Б,Cс║гnh b├бo,Uyar─▒,┘З╪┤╪п╪з╪▒,rw: Warning,роОроЪрпНроЪро░ро┐роХрпНроХрпИ,
Delete,Eliminar,ЁЯЧСя╕П,╨Т╨╕╨┤╨░╨╗╨╕╤В╨╕,╨г╨┤╨░╨╗╨╕╤В╤М,L├╢schen,Elimina,Supprimer,Excluir,хИащЩд,р╕ер╕Ъ,хЙКщЩд,ьВньаЬ,╪н╪░┘Б,рд╣рдЯрд╛рдПрдВ,ржорзБржЫрзБржи,Hapus,╪н╪░┘Б ┌й╪▒█М┌║,X├│a,Sil,╪н╪░┘Б,rw: Delete,роЕро┤ро┐,
Ok,Aceptar,тЬЕ,╨У╨░╤А╨░╨╖╨┤,╨Ю╨║,OK,OK,OK,OK,чбохоЪ,р╕Хр╕Бр╕ер╕З,OK,эЩХьЭ╕,╪н╪│┘Ж╪з┘Л,рдареАрдХ рд╣реИ,ржарж┐ржХ ржЖржЫрзЗ,OK,┘╣┌╛█М┌й █Б█Т,─Рс╗Уng ├╜,Tamam,╪и╪з╪┤┘З,rw: Ok,роЪро░ро┐,
for,para,тЮбя╕П,╨┤╨╗╤П,╨┤╨╗╤П,f├╝r,per,pour,para,ф╕║,р╕кр╕│р╕лр╕гр╕▒р╕Ъ,уБоуБЯуВБуБл,ьЬДэХ┤,┘Д┘А,рдХреЗ рд▓рд┐рдП,ржЬржирзНржп,untuk,┌й█Т ┘Д█М█Т,cho,i├зin,╪и╪▒╪з█М,rw: for,роХрпНроХро╛роХ,
